# task	label
E01_LapackBerrBackward_gpt55_xhigh_persistent40	E01\nBERR
E02_TemplatesResidualStop_gpt55_xhigh_persistent40	E02\nResidual Stop
E03_LapackFerrForward_gpt55_xhigh_persistent40	E03\nFERR
E04_LapackLevel3Matmul_gpt55_xhigh_persistent40	E04\nLevel 3 GEMM
E05_LapackTriangularResidual_gpt55_xhigh_persistent40	E05\nTri. Residual
E06_OettliPragerForward_gpt55_xhigh_persistent40	E06\nO-P Forward
E07_TemplatesStationaryResidual_gpt55_xhigh_persistent40	E07\nStationary
E08_LapackLSQRForward_gpt55_xhigh_persistent40	E08\nLS QR
E09_LapackNormalEquations_gpt55_xhigh_persistent40	E09\nNormal Eq.
E10_OgitaSumKCertificate_gpt55_xhigh_persistent40	E10\nSumK Cert.
